<ehcache xmlns:xsi="http://www.w3.org/2001/XMLSchema-instance" xsi:noNamespaceSchemaLocation="ehcache.xsd" updateCheck="true"
	monitoring="autodetect" dynamicConfig="true">

	<!-- By default, Ehcache stored the cached files in temp folder. -->
	<!-- <diskStore path="java.io.tmpdir" /> -->

	<!-- Ask Ehcache to store cache in this path -->
	<!-- <diskStore path="d:\\cache" /> -->

	<!-- Sample cache named cacheStore This cache contains a maximum in memory of 10000 elements, and will expire an element if it is idle for more 
		than 5 minutes and lives for more than 10 minutes. If there are more than 10000 elements it will overflow to the disk cache, which in this configuration 
		will go to wherever java.io.tmp is defined on your system. On a standard Linux system this will be /tmp" -->
	<cache name="cs.apiDtls" maxEntriesLocalHeap="10000" maxEntriesLocalDisk="1000" eternal="false" diskSpoolBufferSizeMB="20"
		timeToIdleSeconds="2700" timeToLiveSeconds="3600" memoryStoreEvictionPolicy="LFU" transactionalMode="off">
		<persistence strategy="localTempSwap" />
	</cache>
	
	<cache name="cs.apiPkt" maxEntriesLocalHeap="10000" maxEntriesLocalDisk="1000" eternal="false" diskSpoolBufferSizeMB="20"
		timeToIdleSeconds="2700" timeToLiveSeconds="3600" memoryStoreEvictionPolicy="LFU" transactionalMode="off">
		<persistence strategy="localTempSwap" />
	</cache>

</ehcache>